{
  "detection": {
    "ae_min": 0.00012421407154761255,
    "ae_max": 0.00027210236294195056,
    "dtw_min": 1645.222903545413,
    "dtw_max": 4038.0761966784444,
    "ae_threshold": 0.00017178221605718136,
    "dtw_threshold": 3077.8485536552425
  }
}